<?xml version="1.0" encoding="UTF-8"?>
<project-private xmlns="http://www.netbeans.org/ns/project-private/1">
    <editor-bookmarks xmlns="http://www.netbeans.org/ns/editor-bookmarks/2" lastBookmarkId="0"/>
    <open-files xmlns="http://www.netbeans.org/ns/projectui-open-files/2">
        <group>
            <file>file:/D:/Base_Project_2015/apps/Base/src/SEN14350.h</file>
            <file>file:/D:/Base_Project_2015/apps/Base/src/soft_i2c.c</file>
            <file>file:/D:/Base_Project_2015/apps/Base/src/network.c</file>
            <file>file:/D:/Base_Project_2015/apps/Base/src/fermier.h</file>
            <file>file:/D:/Base_Project_2015/apps/Base/src/Board_Capteur.c</file>
            <file>file:/D:/Base_Project_2015/apps/Base/src/SEN14350.c</file>
            <file>file:/D:/Base_Project_2015/apps/Base/src/CapteurI2C.c</file>
            <file>file:/D:/Base_Project_2015/apps/Base/src/fermier.c</file>
            <file>file:/D:/Base_Project_2015/apps/Base/src/main.c</file>
        </group>
    </open-files>
</project-private>
